"region_id","SRR13404367","SRR13404368","SRR13404369","SRR13404370","SRR13404371","SRR13404372","SRR13404373","SRR13404374","SRR13404375","SRR13404376","SRR13404377","SRR13404378","SRR13404379","SRR13404380","SRR13404381","SRR13404382","SRR13404383","SRR13404384","SRR13404385","SRR13404386","SRR13404387","SRR13404388"
"chr21_6126904_6127294",NA,NA,NA,NA,NA,1,NA,NA,NA,NA,0.823529411764706,0.823529411764706,NA,NA,NA,NA,NA,NA,1,NA,NA,NA
"chr21_6457709_6458033",1,NA,1,NA,NA,NA,NA,NA,NA,NA,NA,NA,NA,NA,NA,NA,NA,NA,NA,NA,1,NA
"chr21_8219030_8221343",0.669064748201439,0.349056603773585,0.468571428571429,0.356164383561644,0.735135135135135,0.622641509433962,0.550847457627119,0.402912621359223,0.349056603773585,0.661417322834646,0.420689655172414,0.391608391608392,0.569948186528497,0.760975609756098,0.258064516129032,0.357142857142857,0.555147058823529,0.362068965517241,0.368421052631579,0.356617647058824,0.352941176470588,0.555066079295154
"chr21_8387801_8396922",NA,NA,NA,0.611111111111111,NA,NA,NA,NA,NA,NA,NA,NA,NA,NA,NA,NA,NA,0.236842105263158,NA,NA,NA,NA
"chr21_8446300_8448549",NA,NA,NA,0.5,NA,NA,NA,NA,NA,NA,NA,NA,NA,NA,NA,NA,NA,NA,NA,NA,0,NA
"chr21_8594653_8595830",NA,NA,NA,NA,NA,NA,NA,NA,NA,0.32,NA,NA,NA,NA,NA,NA,NA,0.833333333333333,NA,NA,NA,NA
"chr21_8759034_8759283",NA,NA,0.8,0.857142857142857,NA,0.909090909090909,1,NA,NA,1,NA,NA,NA,NA,1,0.857142857142857,NA,NA,0.692307692307692,1,0.0769230769230769,NA
"chr21_9324996_9325482",NA,NA,NA,NA,0.636363636363636,0.941176470588235,NA,NA,NA,NA,0.529411764705882,NA,NA,NA,NA,NA,0.1,0.625,0.833333333333333,NA,NA,NA
"chr21_9614126_9614463",NA,NA,NA,NA,NA,NA,NA,NA,NA,0.764705882352941,0.875,NA,NA,NA,NA,NA,NA,NA,NA,NA,1,NA
"chr21_9705052_9706116",NA,NA,NA,NA,NA,NA,0.818181818181818,NA,NA,NA,NA,NA,NA,NA,NA,0.95,NA,0.91304347826087,NA,NA,0.727272727272727,NA
"chr21_9767493_9767873",NA,NA,NA,0.857142857142857,NA,0.785714285714286,NA,NA,0.571428571428571,0.785714285714286,NA,NA,NA,NA,0.666666666666667,1,NA,0.909090909090909,NA,NA,0.944444444444444,0.647058823529412
"chr21_9768257_9768477",NA,NA,NA,NA,NA,NA,NA,0.142857142857143,NA,NA,1,NA,0.6,0.363636363636364,NA,0.928571428571429,0.625,NA,NA,NA,NA,NA
"chr21_10118706_10118940",0.625,NA,NA,NA,NA,NA,NA,NA,NA,NA,1,NA,NA,NA,NA,NA,NA,NA,0.875,NA,NA,NA
"chr21_10405477_10405738",1,NA,0.857142857142857,0.777777777777778,NA,NA,NA,0.875,NA,0.75,0.5,NA,1,NA,NA,0.685714285714286,NA,NA,NA,NA,NA,NA
"chr21_10521044_10522543",NA,0.8,NA,NA,NA,NA,NA,NA,0.571428571428571,0.571428571428571,0,0.844444444444444,NA,NA,0.875,0.4375,0,0.851851851851852,NA,NA,0.916666666666667,0.545454545454545
"chr21_10616676_10616948",NA,NA,NA,1,0.535714285714286,0.636363636363636,NA,NA,NA,NA,NA,NA,NA,NA,NA,0.681818181818182,1,NA,NA,NA,0.9,0.666666666666667
"chr21_10627370_10627724",NA,NA,0.666666666666667,0.727272727272727,NA,0.5,0.583333333333333,0.666666666666667,0.736842105263158,0.512820512820513,0.8,0.518518518518518,NA,NA,0.444444444444444,NA,0.428571428571429,NA,NA,0.571428571428571,0.642857142857143,0.5
"chr21_13609616_13609862",NA,NA,NA,NA,NA,NA,NA,NA,NA,NA,0.964285714285714,NA,NA,NA,NA,NA,NA,NA,1,NA,NA,NA
"chr21_13825449_13825677",0.55,0,NA,NA,NA,NA,0.142857142857143,NA,NA,0.571428571428571,NA,0.166666666666667,NA,NA,NA,NA,0,NA,NA,NA,0,NA
"chr21_13937313_13937526",NA,NA,1,1,NA,1,NA,NA,NA,NA,NA,NA,NA,NA,0.823529411764706,NA,1,NA,NA,NA,1,1
"chr21_13979588_13980337",NA,NA,NA,NA,NA,NA,NA,0.875,NA,NA,NA,NA,0.230769230769231,NA,NA,0.466666666666667,NA,0,NA,NA,NA,NA
"chr21_14011210_14011492",NA,NA,NA,0.75,NA,1,NA,1,NA,NA,0.642857142857143,1,NA,1,1,NA,NA,NA,NA,NA,NA,NA
"chr21_14027617_14027873",NA,NA,NA,NA,NA,NA,NA,NA,NA,NA,NA,NA,0,NA,0,NA,NA,NA,NA,NA,0,0
"chr21_14063799_14064641",1,1,NA,NA,NA,0.944444444444444,1,NA,1,NA,NA,NA,0.911764705882353,1,NA,0.923076923076923,NA,0.954545454545455,1,NA,NA,NA
"chr21_14070636_14070839",NA,NA,NA,NA,1,NA,NA,1,1,NA,NA,1,NA,NA,NA,1,NA,1,0.875,NA,1,1
"chr21_14078821_14079137",1,0.95,NA,1,NA,1,NA,1,NA,NA,NA,1,NA,NA,0.875,NA,NA,1,NA,NA,NA,1
"chr21_14083965_14084535",NA,1,NA,NA,NA,NA,1,NA,NA,1,1,1,NA,0.9,NA,1,NA,1,NA,NA,1,NA
"chr21_14216119_14216587",NA,0,NA,0,NA,NA,NA,0,0,0,NA,NA,NA,NA,NA,NA,0,0,NA,NA,NA,NA
"chr21_14383051_14383765",NA,NA,NA,0,NA,0,NA,NA,NA,NA,0,0,NA,NA,NA,NA,NA,NA,0,NA,0,0
"chr21_15729535_15730484",NA,NA,NA,0,0,NA,NA,NA,NA,NA,0,NA,NA,NA,NA,NA,NA,NA,NA,NA,0,NA
"chr21_17512489_17513793",NA,0,NA,0,0,0,NA,0,NA,NA,0,0,NA,0,0,NA,NA,NA,NA,NA,0,NA
"chr21_17818779_17819740",NA,NA,NA,0,NA,0,0,0,NA,NA,NA,NA,NA,0.0909090909090909,NA,NA,0,NA,NA,0,NA,NA
"chr21_18244782_18245557",0.117647058823529,NA,0,0,0,NA,0,0,NA,0.333333333333333,0,0.0714285714285714,NA,0,NA,0,NA,0,NA,NA,NA,NA
"chr21_20997106_20998245",0.0769230769230769,0.105263157894737,NA,0,NA,NA,NA,0,0.166666666666667,NA,NA,NA,NA,0,NA,0,NA,NA,NA,NA,0,0
"chr21_25361795_25362171",NA,NA,1,1,NA,0.909090909090909,NA,NA,1,1,NA,NA,NA,NA,NA,NA,1,1,NA,0.944444444444444,1,1
"chr21_25562112_25562493",NA,NA,NA,NA,NA,NA,0,0,NA,NA,NA,NA,NA,0,NA,0,0,NA,NA,NA,NA,NA
"chr21_25607124_25607940",NA,NA,NA,0,0,0,0,NA,NA,NA,NA,NA,NA,NA,NA,NA,NA,NA,NA,NA,0,0
"chr21_25639423_25640086",NA,NA,0,NA,0,NA,NA,NA,0,NA,NA,NA,NA,0,NA,NA,NA,NA,NA,NA,NA,0
"chr21_25734504_25735900",0,0,0,0,NA,NA,NA,NA,NA,0,NA,0,0,0,0,NA,0,NA,0,0,0,NA
"chr21_26169576_26170890",NA,NA,0,0,NA,NA,NA,0,NA,NA,NA,NA,0,1,0,0,NA,NA,0,NA,0,NA
"chr21_26572692_26573327",0,0,NA,0,0,0,NA,0,NA,0,0,0,NA,0,NA,0,NA,0,NA,0,NA,NA
"chr21_26844334_26845798",0,NA,0,0,0,0,0,0,NA,NA,NA,NA,0,0,NA,NA,0,0,NA,NA,0,NA
"chr21_26846249_26846482",NA,NA,NA,NA,NA,NA,0,NA,0,NA,NA,NA,NA,NA,NA,NA,NA,0,NA,NA,0,0
"chr21_26965538_26967918",0,0,NA,0,NA,0,0,0.111111111111111,0,0,0,NA,NA,0,0.0888888888888889,0.0740740740740741,0,NA,NA,0,0.4,0.0163934426229508
"chr21_27143484_27143987",NA,0.8,0.916666666666667,1,1,1,NA,1,NA,NA,NA,1,0.8,NA,NA,NA,NA,1,0.944444444444444,NA,1,NA
"chr21_28885104_28885359",NA,NA,NA,NA,NA,NA,NA,NA,NA,NA,0,NA,NA,0,0,0,NA,NA,NA,NA,0,NA
"chr21_29002664_29002907",NA,NA,0,NA,NA,NA,0,NA,NA,NA,NA,0,NA,NA,NA,NA,NA,NA,NA,NA,NA,NA
"chr21_29018944_29019437",NA,0,0,NA,NA,0,NA,NA,NA,0,NA,NA,0,NA,NA,NA,NA,0,NA,0,NA,0
"chr21_29024528_29025089",NA,NA,NA,NA,0,0.0588235294117647,NA,NA,NA,NA,NA,0,0,NA,0,0,NA,0,NA,NA,NA,0
"chr21_29073255_29073934",NA,0,NA,NA,NA,0,NA,NA,NA,NA,NA,NA,NA,NA,0,NA,NA,NA,NA,NA,0,0
"chr21_29939069_29939788",NA,0,0,0.214285714285714,NA,NA,NA,0,NA,NA,NA,NA,NA,NA,0,NA,NA,NA,0,NA,0.125,NA
"chr21_31343730_31344170",NA,0,NA,0,NA,0.125,NA,NA,NA,NA,NA,NA,NA,0,NA,0,NA,NA,NA,NA,NA,NA
"chr21_31557615_31559704",NA,0,0.307692307692308,0,0,0,0,0.0555555555555556,NA,NA,NA,0,0,NA,NA,0.0384615384615385,NA,0.0833333333333333,NA,NA,0,0
"chr21_31659422_31660344",NA,0,0,0,NA,NA,NA,NA,NA,NA,NA,NA,NA,0,0,NA,NA,0,0,NA,0,0
"chr21_31731144_31732662",NA,NA,NA,0,NA,NA,NA,0.02,NA,NA,NA,NA,NA,NA,0,NA,NA,0,NA,NA,0,NA
"chr21_31872598_31874296",NA,0,NA,NA,NA,NA,NA,NA,NA,0,NA,NA,NA,NA,NA,NA,NA,0,0,NA,0,0
"chr21_32278598_32279202",0,0,0,0,NA,0,NA,NA,NA,NA,NA,NA,0,NA,NA,0,NA,0,0,NA,NA,NA
"chr21_32392705_32393443",0,0,0.285714285714286,NA,NA,NA,NA,0.0238095238095238,NA,0,NA,NA,NA,NA,NA,0,NA,0,0,NA,0,NA
"chr21_32411607_32413409",NA,NA,NA,0,NA,0,0,0,0,NA,NA,0,NA,NA,NA,0,0,0,0.0833333333333333,NA,0.0833333333333333,0
"chr21_32569338_32569954",0,0,0,0,NA,0,0,0,NA,NA,NA,0,NA,NA,NA,NA,NA,0,NA,NA,NA,0
"chr21_32612058_32613140",NA,0,0,0,0,0,NA,0.0172413793103448,0,NA,0,0,0,0,NA,0,NA,0,NA,0,0,NA
"chr21_32727406_32728485",NA,NA,0,0,NA,0,NA,0,NA,NA,NA,NA,NA,NA,0,0,NA,NA,NA,0,0,NA
"chr21_32978419_32978653",1,NA,0.833333333333333,NA,NA,NA,NA,NA,NA,1,NA,NA,NA,0.857142857142857,1,NA,NA,1,1,1,1,NA
"chr21_33019855_33020348",NA,NA,NA,0,NA,0,0,NA,NA,NA,NA,NA,NA,NA,NA,NA,NA,NA,0,NA,0,NA
"chr21_33022821_33027937",0.024390243902439,0.0172413793103448,0.0833333333333333,0.0459770114942529,0.4,0,0.0144927536231884,0,0.115384615384615,0,0,0.660377358490566,0.181818181818182,0.268292682926829,0.0731707317073171,0.19047619047619,0,0,0.111111111111111,0.105263157894737,0.0617283950617284,NA
"chr21_33033270_33034230",NA,NA,1,0.85,NA,NA,NA,NA,NA,NA,NA,NA,NA,1,NA,0.636363636363636,0.791666666666667,NA,NA,1,0,NA
"chr21_33069901_33072237",0,0,0,0,NA,NA,0,0,0,0,NA,0,0.0344827586206897,NA,NA,0,NA,0,NA,0,0,NA
"chr21_33229937_33230960",0,0,0,NA,NA,0,0,0,NA,0,NA,0,NA,0,NA,0,NA,NA,0.133333333333333,0,0,NA
"chr21_33266211_33266770",NA,NA,NA,0,NA,0,NA,NA,NA,NA,NA,NA,NA,0,NA,NA,0,NA,NA,NA,NA,NA
"chr21_33324228_33325445",0,0,0,0,1,NA,NA,0,NA,NA,0,0,NA,0,0,NA,NA,0.0384615384615385,NA,0,NA,0
"chr21_33541998_33543376",0,0,NA,0,NA,0,NA,0,0,NA,NA,NA,0,NA,0,0,NA,NA,0,0,0,0
"chr21_33588083_33588946",NA,NA,NA,0,0,0,NA,NA,NA,NA,NA,NA,NA,NA,NA,0,NA,NA,NA,NA,NA,0
"chr21_33641571_33641951",NA,0,NA,NA,NA,NA,0,NA,NA,NA,NA,NA,NA,NA,NA,0,NA,NA,NA,NA,NA,NA
"chr21_33642533_33643378",NA,NA,NA,0,NA,NA,NA,NA,NA,NA,NA,NA,0,NA,NA,NA,0,0,NA,NA,0,0
"chr21_34072788_34074105",0,NA,NA,NA,NA,NA,NA,NA,0,0.875,NA,NA,NA,NA,NA,NA,NA,NA,NA,NA,0,0
"chr21_34202023_34202248",NA,NA,NA,NA,NA,0,NA,NA,NA,NA,0,NA,NA,NA,0,NA,NA,NA,NA,NA,0,NA
"chr21_34669007_34670925",0.0588235294117647,NA,NA,0.272727272727273,0.0909090909090909,NA,NA,NA,NA,NA,NA,NA,0,NA,NA,0,NA,0,NA,NA,NA,NA
"chr21_34791848_34792637",NA,1,1,0.954545454545455,1,NA,NA,NA,NA,1,NA,NA,NA,NA,NA,NA,NA,1,NA,1,1,NA
"chr21_34886656_34887175",NA,NA,NA,0,NA,NA,NA,NA,NA,0,NA,NA,NA,NA,NA,NA,0,NA,NA,NA,0,NA
"chr21_34888154_34891390",NA,0,0,0,0.2,0,NA,0,NA,0.0508474576271186,0.024390243902439,0.28,0,0,0.111111111111111,0.171428571428571,NA,0,NA,0,0.354166666666667,0.0952380952380952
"chr21_35026664_35026962",NA,NA,NA,NA,NA,NA,NA,0,0,NA,NA,NA,NA,NA,NA,NA,NA,NA,NA,0,0,NA
"chr21_35886894_35887304",0.375,0.857142857142857,NA,NA,NA,NA,NA,0.666666666666667,NA,0.96551724137931,1,0.857142857142857,NA,NA,NA,0.91304347826087,0.958333333333333,NA,0.96,0.933333333333333,1,0.956521739130435
"chr21_36059826_36060852",0,0,NA,NA,NA,NA,NA,NA,0,NA,NA,NA,0,0,NA,NA,NA,0,NA,NA,0.0666666666666667,0
"chr21_36069843_36070480",NA,NA,NA,NA,NA,0,NA,0,NA,NA,0.32,NA,NA,0,NA,NA,NA,NA,NA,NA,NA,NA
"chr21_36130148_36130528",NA,0,0,NA,NA,NA,NA,NA,NA,NA,NA,0,NA,NA,NA,NA,NA,NA,NA,NA,0,NA
"chr21_36134901_36135961",NA,0,0,0,0,NA,0,0,NA,0,0,0,0,NA,NA,0.05,0,0,NA,NA,0,NA
"chr21_36155908_36157552",NA,NA,0,0,NA,NA,NA,NA,NA,NA,0,NA,NA,NA,0,NA,0,0,0,NA,NA,NA
"chr21_36245170_36245574",NA,NA,NA,NA,1,NA,1,0.95,1,NA,1,1,NA,NA,NA,1,NA,NA,NA,NA,1,1
"chr21_36319911_36320761",NA,NA,NA,NA,NA,0,NA,NA,0,NA,NA,NA,NA,NA,0,NA,NA,0,NA,0,NA,0
"chr21_36385199_36385815",NA,NA,NA,NA,0,0,NA,NA,0,0.666666666666667,NA,NA,NA,NA,NA,NA,0,NA,NA,NA,NA,0
"chr21_36692880_36693885",0.0833333333333333,0.0303030303030303,0,0.117647058823529,0,0,NA,NA,NA,NA,0.1,0.037037037037037,0.0909090909090909,NA,NA,0.181818181818182,0.04,0,0,0,NA,NA
"chr21_36695894_36701591",0.0847457627118644,0.2,0,0,0.0317460317460317,0.0136986301369863,0.113207547169811,0,0.0869565217391304,NA,0.024390243902439,0.105263157894737,0.102564102564103,0.36734693877551,0.0576923076923077,0.238095238095238,0.0166666666666667,0.048780487804878,0.275862068965517,0.352941176470588,0.0222222222222222,0.0576923076923077
"chr21_36704463_36705385",0.0277777777777778,NA,NA,NA,NA,0.115384615384615,0.0476190476190476,0,NA,0.0294117647058824,0,NA,0,NA,0,0.133333333333333,NA,NA,0,0,0,0
"chr21_36707642_36709533",0,NA,0,0,NA,NA,NA,0,NA,0,0,0,0,0,0.1,0,0,0,0.130434782608696,0.0909090909090909,NA,0
"chr21_36747493_36748441",NA,NA,NA,0.03125,NA,NA,0.5,0,NA,NA,NA,NA,NA,NA,NA,NA,NA,NA,NA,NA,0,0.0277777777777778
"chr21_36980557_36980818",NA,NA,NA,0,NA,NA,NA,NA,0,NA,NA,NA,NA,NA,NA,NA,NA,NA,NA,NA,NA,0
"chr21_36989846_36990568",NA,NA,NA,0.133333333333333,NA,NA,NA,0.394736842105263,0.291666666666667,NA,0.222222222222222,NA,0,NA,NA,NA,NA,NA,NA,NA,0.2,NA
"chr21_37005638_37007137",NA,0.444444444444444,0,0.419354838709677,NA,NA,NA,0.9,0,0,0.0357142857142857,NA,NA,NA,0.162162162162162,NA,0.142857142857143,0.529411764705882,0.909090909090909,NA,0.0833333333333333,NA
"chr21_37072561_37074197",NA,0,NA,NA,0.117647058823529,0,0,NA,0,0.0476190476190476,NA,NA,NA,1,NA,0,NA,0,0,NA,0,0
"chr21_37220687_37221373",0,NA,NA,0,NA,0,NA,0.0434782608695652,NA,NA,NA,0,0,NA,NA,NA,NA,0,NA,0,NA,NA
"chr21_37257752_37258206",0,0,0,0.0714285714285714,NA,NA,NA,NA,NA,0,NA,0,NA,NA,NA,NA,0,1,NA,NA,NA,NA
"chr21_37266935_37268190",0,0,NA,NA,NA,0,NA,NA,NA,0,NA,0,NA,NA,NA,NA,NA,0,0,NA,0,NA
"chr21_37365925_37367925",0,NA,NA,0,NA,NA,NA,0,NA,NA,0,NA,NA,NA,NA,0,NA,NA,NA,NA,NA,NA
"chr21_37563553_37564244",NA,NA,NA,0,0,0,NA,NA,NA,NA,NA,NA,NA,NA,NA,0.153846153846154,NA,NA,NA,NA,0.032258064516129,0
"chr21_37667475_37667692",NA,NA,NA,NA,NA,NA,NA,NA,NA,NA,NA,0.785714285714286,NA,NA,NA,NA,NA,1,NA,NA,NA,NA
"chr21_37675325_37675626",1,0,NA,NA,0,NA,NA,NA,NA,NA,1,0,0,0,NA,NA,NA,NA,0.625,NA,1,NA
"chr21_37915644_37916964",NA,NA,NA,0.125,NA,0.0277777777777778,0,NA,0,NA,0.111111111111111,NA,0,0,0.176470588235294,NA,NA,0,0,0,NA,0
"chr21_38660320_38661741",0,0,0,0,0,0,NA,NA,NA,0.137931034482759,0,0,NA,NA,NA,0.0434782608695652,NA,0.117647058823529,NA,0,0,NA
"chr21_38805079_38806743",0,0,NA,NA,0,0,NA,NA,0.0425531914893617,NA,NA,0,NA,0,NA,0,0,NA,NA,0,NA,0
"chr21_38822721_38822925",NA,0.777777777777778,NA,0.888888888888889,NA,NA,1,NA,1,NA,NA,NA,0.75,0.923076923076923,NA,NA,1,NA,NA,NA,1,0.764705882352941
"chr21_39182839_39184191",0,0,0,0,0,NA,0,0,NA,0,0,0,0,0,NA,NA,NA,0,0,NA,0,0
"chr21_39312445_39314398",NA,NA,0,NA,NA,NA,NA,0,NA,NA,0,NA,NA,0,NA,NA,NA,NA,NA,NA,0,NA
"chr21_39348260_39349699",0,0,0,NA,0,NA,NA,0,0,0,0,NA,NA,NA,NA,NA,NA,NA,0,0,0,0
"chr21_39380162_39380899",0,0,NA,0,NA,0,NA,0,0,0,0,NA,NA,0,NA,0,0,0,NA,NA,NA,NA
"chr21_39385677_39385974",NA,NA,NA,0.941176470588235,0.714285714285714,NA,NA,NA,NA,0.388888888888889,NA,NA,NA,NA,NA,NA,1,NA,NA,NA,NA,NA
"chr21_39388701_39388903",NA,NA,NA,NA,NA,NA,NA,NA,0,NA,NA,NA,NA,NA,NA,NA,NA,NA,NA,0,NA,NA
"chr21_39445377_39446047",NA,NA,NA,0,0,NA,0,NA,NA,NA,NA,NA,NA,NA,NA,NA,0,0,NA,NA,0,NA
"chr21_40144311_40144545",NA,NA,NA,NA,NA,NA,NA,0,NA,NA,NA,NA,NA,NA,NA,0.538461538461538,NA,NA,NA,NA,NA,1
"chr21_41167441_41168945",NA,NA,NA,0,NA,NA,NA,0,NA,NA,NA,NA,NA,0,NA,NA,NA,0.0588235294117647,NA,NA,NA,0
"chr21_41245891_41246093",NA,NA,NA,1,1,NA,1,NA,1,0.941176470588235,1,0.875,NA,NA,1,NA,1,1,NA,NA,NA,NA
"chr21_41304187_41304486",NA,NA,NA,NA,NA,1,NA,NA,NA,NA,1,NA,NA,NA,NA,NA,NA,NA,NA,NA,1,NA
"chr21_41316599_41317158",NA,NA,NA,0,NA,NA,NA,NA,NA,NA,NA,NA,0.285714285714286,NA,0,NA,0.1,0.0625,NA,NA,NA,NA
"chr21_41420367_41420777",NA,0,NA,NA,0,NA,NA,NA,0,0,NA,NA,0,NA,NA,NA,NA,NA,NA,NA,NA,NA
"chr21_41426220_41426957",NA,1,NA,0.5,0,NA,NA,0.05,NA,NA,NA,0,0,NA,0.0909090909090909,0,NA,NA,NA,NA,0,0
"chr21_41506825_41508747",NA,NA,0,NA,NA,0,NA,0.0357142857142857,0,NA,NA,NA,0,NA,NA,0,NA,NA,NA,0,0,0
"chr21_41689190_41689527",1,NA,NA,NA,1,NA,NA,NA,NA,NA,1,1,NA,NA,0.863636363636364,NA,NA,NA,1,1,NA,NA
"chr21_41740757_41741788",NA,0.857142857142857,NA,1,NA,0.95,NA,1,NA,0.944444444444444,NA,NA,1,1,1,1,NA,1,NA,NA,NA,1
"chr21_41756503_41756734",0.666666666666667,NA,0.95,NA,NA,NA,NA,NA,NA,NA,NA,1,NA,NA,NA,1,NA,NA,0.909090909090909,NA,NA,1
"chr21_41766121_41767276",NA,NA,NA,0.027027027027027,0,0.0263157894736842,0,0,0.114285714285714,0,0.05,NA,NA,NA,NA,0.0862068965517241,0,NA,NA,NA,0.0967741935483871,0.121212121212121
"chr21_41778049_41778555",0.875,NA,0.5,NA,NA,NA,NA,NA,0.416666666666667,NA,NA,0.333333333333333,NA,NA,0,NA,NA,NA,0.333333333333333,0,0.25,0.142857142857143
"chr21_41801456_41801682",NA,NA,NA,NA,1,NA,0.863636363636364,NA,NA,NA,NA,NA,0.6,NA,NA,NA,NA,0.846153846153846,0.928571428571429,0.9,NA,NA
"chr21_41808939_41809152",1,NA,1,NA,NA,NA,1,NA,NA,0.979166666666667,NA,1,NA,1,NA,1,NA,0.166666666666667,NA,NA,NA,0.95
"chr21_41815670_41816154",NA,NA,NA,NA,NA,NA,1,NA,NA,0.971428571428571,1,0.833333333333333,NA,NA,NA,NA,NA,NA,NA,NA,0.846153846153846,NA
"chr21_41819996_41820230",NA,NA,NA,NA,NA,NA,NA,NA,NA,NA,NA,NA,1,NA,1,1,0.875,1,1,NA,NA,NA
"chr21_41821882_41822112",1,0.714285714285714,1,NA,1,1,NA,1,NA,NA,NA,NA,NA,NA,1,0.777777777777778,NA,1,0.666666666666667,NA,NA,NA
"chr21_41835368_41835613",NA,1,1,NA,NA,NA,NA,NA,0.956521739130435,NA,1,1,NA,1,NA,1,NA,NA,NA,NA,NA,0.9
"chr21_41854517_41854804",NA,NA,NA,0.857142857142857,NA,NA,0.875,NA,NA,NA,0.933333333333333,NA,NA,1,NA,0.95,NA,NA,0.8,NA,NA,1
"chr21_41878502_41879792",NA,0,NA,NA,1,NA,NA,NA,NA,NA,0,NA,NA,NA,0,0,0,NA,0,NA,NA,NA
"chr21_41907626_41907915",0.8,1,NA,1,NA,NA,1,NA,NA,NA,0.923076923076923,1,0.833333333333333,NA,NA,NA,NA,NA,1,NA,NA,NA
"chr21_41953027_41954280",0,NA,NA,0,NA,0,NA,0,0,0,NA,NA,NA,NA,NA,NA,NA,NA,NA,NA,NA,0
"chr21_42009171_42011380",0,0,0,0.0434782608695652,NA,0,NA,0,NA,NA,NA,NA,NA,NA,NA,0,NA,0,NA,NA,0,0
"chr21_42106461_42106707",0.5,NA,1,NA,1,1,NA,NA,NA,NA,NA,NA,NA,NA,NA,0.2,NA,NA,NA,NA,NA,NA
"chr21_42127762_42127979",NA,NA,0.615384615384615,NA,NA,0.954545454545455,1,1,NA,NA,NA,NA,NA,1,0.909090909090909,NA,NA,NA,NA,NA,NA,1
"chr21_42218839_42220022",NA,NA,NA,0,NA,0,NA,NA,0,NA,NA,NA,NA,NA,0,NA,NA,NA,0,NA,NA,NA
"chr21_42234737_42235355",NA,0.2,NA,0.441176470588235,0,0,0,0.714285714285714,NA,NA,NA,NA,NA,NA,NA,0.894736842105263,NA,NA,0.210526315789474,NA,1,NA
"chr21_42305766_42306206",NA,NA,1,0.75,NA,0.714285714285714,1,NA,NA,NA,NA,NA,NA,NA,NA,NA,1,1,1,NA,NA,1
"chr21_42496169_42496790",NA,NA,NA,0,1,NA,NA,NA,NA,NA,NA,NA,NA,0,0,NA,NA,NA,NA,NA,NA,0
"chr21_42513480_42514722",NA,0,NA,0,0,NA,NA,0,NA,0,0.032258064516129,NA,NA,0,0.0526315789473684,NA,NA,NA,NA,NA,0,0
"chr21_42587366_42590371",NA,1,1,NA,1,0.5,0.625,NA,NA,1,NA,NA,NA,NA,NA,0.777777777777778,NA,1,NA,1,NA,1
"chr21_42617167_42617368",NA,1,NA,NA,NA,NA,NA,NA,NA,NA,NA,NA,NA,1,1,NA,NA,NA,NA,NA,1,NA
"chr21_42653092_42653446",NA,NA,NA,NA,NA,0,NA,NA,NA,NA,0,NA,NA,NA,NA,NA,NA,NA,NA,NA,NA,NA
"chr21_42653760_42654540",NA,0,NA,0,NA,NA,NA,NA,NA,NA,0,NA,0,NA,NA,0,0,NA,0,NA,NA,0
"chr21_42668713_42668919",NA,NA,NA,1,1,1,1,NA,NA,NA,NA,NA,1,NA,NA,NA,0.75,1,NA,NA,NA,NA
"chr21_42686059_42686436",1,NA,NA,1,NA,NA,NA,1,NA,1,NA,0.944444444444444,NA,NA,1,NA,0.95,0.961538461538462,0.875,1,NA,1
"chr21_42837857_42838189",NA,NA,NA,NA,NA,NA,NA,NA,1,NA,NA,NA,NA,NA,NA,1,NA,0.9,NA,0.857142857142857,NA,NA
"chr21_42848293_42849194",NA,1,1,NA,NA,NA,1,NA,1,NA,1,NA,1,0.952380952380952,1,0.901960784313726,NA,NA,NA,NA,NA,1
"chr21_42879002_42879698",NA,0,NA,NA,NA,NA,NA,NA,0,NA,NA,NA,NA,0,NA,NA,1,NA,NA,NA,0,NA
"chr21_42892804_42893750",0,0,NA,NA,NA,NA,0,NA,0,0,NA,NA,NA,NA,NA,0,0,0,NA,NA,0,NA
"chr21_42973975_42975740",0,NA,0,NA,NA,NA,NA,NA,NA,NA,0,0,NA,0,NA,0,NA,NA,NA,NA,NA,0
"chr21_43095153_43095450",NA,NA,NA,NA,NA,NA,NA,NA,NA,1,NA,NA,NA,NA,NA,NA,NA,1,NA,NA,NA,NA
"chr21_43172610_43173533",NA,NA,NA,NA,NA,NA,0.538461538461538,NA,NA,NA,NA,0.142857142857143,NA,NA,NA,NA,NA,NA,NA,NA,NA,NA
"chr21_43298706_43299274",NA,NA,1,1,NA,1,NA,1,NA,0.95,1,NA,1,1,1,NA,NA,1,1,1,0.96875,NA
"chr21_43301104_43301332",NA,NA,NA,1,NA,NA,NA,0.9375,NA,NA,NA,NA,NA,NA,NA,NA,NA,NA,1,NA,1,1
"chr21_43362369_43362721",NA,NA,NA,NA,NA,NA,NA,NA,0,0,0,NA,NA,NA,NA,NA,NA,NA,NA,NA,0,NA
"chr21_43657791_43659940",NA,0.933333333333333,0.586206896551724,0.0526315789473684,NA,0.727272727272727,0.363636363636364,0.730769230769231,NA,0.923076923076923,0.75,0.56140350877193,0,0.571428571428571,0.266666666666667,0.964285714285714,0,0.181818181818182,NA,NA,NA,0.203703703703704
"chr21_43694081_43694383",NA,NA,1,NA,NA,NA,0.923076923076923,1,1,NA,NA,NA,NA,NA,NA,1,1,NA,0.785714285714286,1,NA,1
"chr21_43694518_43694723",1,1,NA,1,NA,NA,NA,NA,NA,NA,NA,NA,NA,NA,NA,1,NA,NA,NA,0.941176470588235,NA,1
"chr21_43718413_43719950",NA,NA,0,0,NA,0,NA,0,NA,NA,NA,0,NA,NA,NA,NA,NA,NA,0,NA,0,NA
"chr21_43728574_43728864",NA,NA,NA,0,NA,NA,NA,0,NA,NA,NA,NA,0,1,NA,NA,NA,NA,0,NA,NA,NA
"chr21_43757640_43757846",NA,NA,NA,0.8,NA,NA,NA,NA,1,NA,NA,1,1,NA,1,NA,NA,NA,1,1,0.888888888888889,NA
"chr21_43776007_43776874",NA,NA,NA,0,NA,0,NA,NA,NA,NA,NA,NA,NA,NA,NA,0,NA,NA,NA,NA,0,0
"chr21_43786699_43787170",NA,1,NA,1,NA,NA,NA,0.75,NA,1,NA,0.928571428571429,NA,NA,NA,0.896551724137931,1,1,1,NA,NA,NA
"chr21_43789387_43789999",0,NA,0,NA,NA,0,NA,0,NA,NA,NA,NA,0,NA,0,NA,NA,NA,0,0,0,NA
"chr21_43803582_43803843",NA,1,NA,NA,NA,1,NA,1,NA,1,NA,NA,NA,0.933333333333333,NA,1,1,NA,0.75,NA,1,NA
"chr21_43826371_43826609",0.666666666666667,NA,1,NA,NA,NA,NA,NA,NA,NA,NA,NA,0.875,0.461538461538462,0.9,NA,NA,NA,NA,NA,NA,0.75
"chr21_43864272_43866018",NA,0,NA,0,NA,NA,NA,0,NA,NA,NA,0,0,NA,NA,0.0526315789473684,NA,NA,NA,NA,0,NA
"chr21_43943593_43943918",1,NA,NA,NA,NA,1,NA,NA,NA,NA,0.75,NA,NA,NA,NA,1,NA,NA,NA,NA,NA,NA
"chr21_43959636_43959935",NA,NA,1,NA,NA,NA,1,NA,NA,NA,NA,NA,NA,NA,NA,NA,NA,NA,NA,NA,NA,NA
"chr21_43973512_43973741",0.733333333333333,NA,NA,NA,1,NA,0.8,NA,NA,NA,NA,NA,NA,1,NA,NA,NA,NA,NA,1,0.769230769230769,NA
"chr21_43982604_43982961",NA,NA,1,NA,1,NA,1,0.833333333333333,0.857142857142857,NA,0.833333333333333,NA,1,NA,0.714285714285714,NA,NA,1,NA,NA,1,NA
"chr21_44011766_44013097",0,NA,0,NA,NA,NA,NA,0,NA,NA,NA,NA,0,0,0,NA,NA,0,NA,NA,0,NA
"chr21_44258408_44258661",NA,NA,1,1,0.733333333333333,NA,NA,1,NA,NA,NA,NA,1,NA,NA,1,NA,NA,NA,NA,NA,NA
"chr21_44285546_44286161",NA,NA,NA,0.615384615384615,NA,NA,NA,NA,NA,NA,NA,NA,NA,NA,0.0909090909090909,0.6,NA,NA,NA,NA,0.782608695652174,NA
"chr21_44299633_44300681",NA,NA,NA,NA,NA,NA,NA,NA,NA,NA,NA,NA,NA,NA,0,0,NA,NA,NA,NA,0,NA
"chr21_44310338_44310561",NA,NA,NA,NA,0.714285714285714,NA,NA,NA,NA,NA,NA,NA,1,NA,NA,NA,NA,NA,NA,NA,NA,1
"chr21_44324759_44324964",NA,0.8,NA,NA,NA,1,NA,NA,NA,NA,NA,NA,NA,NA,NA,NA,NA,1,NA,NA,NA,NA
"chr21_44332500_44332715",1,NA,NA,NA,NA,NA,1,NA,1,1,NA,NA,NA,NA,NA,NA,NA,1,0.833333333333333,NA,NA,1
"chr21_44333756_44334557",NA,1,NA,1,NA,NA,1,NA,1,NA,NA,NA,NA,NA,0.8,1,NA,NA,NA,NA,NA,NA
"chr21_44338639_44339642",0,0,NA,0,NA,NA,NA,NA,NA,NA,NA,0,NA,NA,NA,NA,0,NA,NA,NA,NA,NA
"chr21_44391463_44391667",0.461538461538462,0.521739130434783,NA,0.411764705882353,NA,NA,0.619047619047619,NA,NA,0.222222222222222,0.419354838709677,NA,0.869565217391304,NA,NA,NA,NA,NA,NA,NA,0.181818181818182,NA
"chr21_44425110_44425810",NA,0.916666666666667,0.958333333333333,NA,1,0.8,0.928571428571429,NA,NA,NA,NA,0.973684210526316,NA,NA,1,0.931034482758621,NA,NA,NA,NA,NA,0.928571428571429
"chr21_44455581_44457443",0.711538461538462,NA,NA,0.521739130434783,NA,1,0.769230769230769,0.75,NA,NA,NA,NA,NA,0.954545454545455,NA,NA,NA,NA,0.62,NA,0.888888888888889,1
"chr21_44463778_44464024",NA,NA,NA,1,NA,NA,0.266666666666667,NA,NA,NA,NA,0.875,NA,NA,NA,NA,NA,NA,0.826086956521739,NA,NA,NA
"chr21_44506649_44506871",NA,NA,1,NA,NA,NA,NA,1,NA,NA,NA,NA,0.9,NA,NA,NA,NA,NA,NA,NA,NA,NA
"chr21_44510584_44510922",0,NA,NA,0,NA,0,NA,NA,NA,0,NA,NA,NA,NA,NA,NA,NA,NA,NA,NA,0,NA
"chr21_44706976_44707185",NA,NA,NA,NA,NA,NA,0.611111111111111,NA,NA,NA,0.666666666666667,NA,NA,NA,NA,NA,NA,NA,NA,NA,NA,NA
"chr21_44709477_44709774",0,NA,NA,0,NA,NA,NA,0,0,NA,NA,NA,NA,NA,NA,0,NA,NA,NA,NA,NA,NA
"chr21_44723528_44723893",NA,NA,0.75,NA,NA,0,0,NA,NA,0.333333333333333,NA,NA,NA,NA,NA,NA,NA,0,0.181818181818182,0.538461538461538,NA,NA
"chr21_44750016_44750260",NA,NA,NA,NA,NA,NA,1,NA,1,NA,NA,NA,NA,NA,NA,NA,0.941176470588235,0.888888888888889,NA,NA,NA,NA
"chr21_44801474_44802541",NA,NA,0,0,NA,NA,NA,0,NA,NA,0,NA,NA,NA,NA,NA,0,NA,0,0,NA,NA
"chr21_44816812_44819043",NA,0,0.380952380952381,NA,NA,NA,NA,0.0327868852459016,NA,NA,NA,0,NA,NA,0.4,NA,0,0.15625,1,NA,NA,1
"chr21_44848982_44849348",0.857142857142857,NA,NA,NA,0.777777777777778,NA,NA,0.5,NA,NA,NA,NA,0.4,NA,NA,1,NA,NA,NA,NA,NA,0.833333333333333
"chr21_44872795_44874829",NA,0,0,0,NA,NA,0,0,0,0,0,NA,0,NA,0,0,NA,NA,0,NA,0,NA
"chr21_44931414_44932996",0,0,NA,0,NA,NA,NA,0,0,0,NA,NA,0,NA,0,NA,NA,NA,0,NA,0,NA
"chr21_44939733_44940508",NA,0.735294117647059,NA,0,0,NA,NA,0,NA,NA,0,NA,0,NA,0,0,NA,NA,NA,NA,0,0
"chr21_44948137_44948425",NA,0.954545454545455,NA,0.909090909090909,NA,NA,NA,0.923076923076923,NA,NA,NA,NA,NA,NA,NA,NA,NA,NA,NA,NA,NA,NA
"chr21_44958364_44958730",NA,NA,NA,NA,NA,1,NA,1,NA,NA,NA,NA,NA,NA,1,NA,0.933333333333333,NA,NA,NA,1,NA
"chr21_44967137_44967387",1,0.9,NA,NA,NA,1,NA,NA,NA,NA,NA,NA,NA,NA,NA,NA,NA,1,NA,NA,NA,NA
"chr21_44972150_44972433",1,0.894736842105263,NA,NA,0.866666666666667,NA,NA,NA,NA,NA,NA,0.727272727272727,1,1,NA,NA,NA,NA,NA,1,1,NA
"chr21_44988011_44988228",NA,NA,NA,0.833333333333333,NA,NA,NA,NA,NA,NA,NA,NA,NA,NA,NA,NA,NA,NA,0.692307692307692,NA,NA,NA
"chr21_45018226_45019428",NA,NA,NA,0.0952380952380952,NA,NA,NA,NA,NA,0.194444444444444,NA,0.428571428571429,NA,NA,0.125,0,NA,NA,NA,NA,0.238095238095238,0
"chr21_45028168_45028678",NA,NA,NA,NA,1,NA,NA,NA,NA,NA,NA,NA,NA,NA,1,NA,NA,NA,NA,NA,NA,NA
"chr21_45074259_45075557",NA,0,0,0,NA,NA,NA,NA,NA,0,NA,NA,NA,0,0,0,0,NA,NA,NA,0,NA
"chr21_45100881_45101380",NA,NA,1,NA,NA,NA,0.419354838709677,NA,1,NA,NA,1,NA,1,1,NA,NA,NA,0.666666666666667,NA,NA,NA
"chr21_45133692_45134497",1,1,1,0.947368421052632,NA,NA,NA,NA,NA,NA,1,0.666666666666667,1,NA,NA,NA,NA,NA,NA,NA,1,NA
"chr21_45257805_45258009",NA,NA,NA,NA,NA,1,NA,NA,NA,NA,0.75,NA,NA,NA,NA,1,0.823529411764706,NA,0.583333333333333,NA,NA,1
"chr21_45265201_45265464",NA,NA,NA,1,NA,NA,0.923076923076923,1,NA,NA,NA,NA,1,NA,1,1,NA,1,NA,0.571428571428571,NA,NA
"chr21_45266993_45267206",NA,NA,NA,1,NA,NA,NA,NA,1,1,1,NA,NA,NA,NA,NA,0.923076923076923,NA,NA,NA,NA,1
"chr21_45276676_45276920",1,1,NA,1,NA,1,NA,NA,NA,NA,NA,NA,1,NA,NA,NA,NA,NA,1,NA,1,NA
"chr21_45277058_45277299",NA,NA,NA,0.928571428571429,NA,NA,NA,NA,NA,NA,NA,NA,NA,NA,NA,NA,NA,NA,0.8,1,1,NA
"chr21_45286777_45288836",0.538461538461538,NA,NA,0,NA,1,0.32,1,NA,NA,0.615384615384615,0,NA,NA,NA,NA,NA,0.166666666666667,0,0,NA,NA
"chr21_45295070_45295291",NA,NA,NA,1,NA,NA,NA,1,1,NA,0.923076923076923,NA,NA,NA,NA,NA,NA,NA,NA,NA,0.818181818181818,NA
"chr21_45302668_45302892",NA,1,0.875,0.764705882352941,NA,NA,NA,NA,NA,NA,NA,NA,NA,NA,0.4,NA,NA,NA,1,NA,NA,0.6
"chr21_45379993_45380931",0.972222222222222,1,0.75,1,NA,NA,1,NA,NA,0.970588235294118,0.4,1,1,1,0.96,NA,1,0.962962962962963,0.933333333333333,0.954545454545455,0.9,0.8125
"chr21_45393081_45393327",NA,NA,NA,NA,NA,NA,NA,NA,1,NA,0.933333333333333,0.923076923076923,NA,NA,NA,0.833333333333333,NA,NA,0.958333333333333,1,NA,0.857142857142857
"chr21_45405361_45406319",0,NA,0,NA,NA,NA,NA,0,NA,NA,NA,0,NA,NA,NA,NA,NA,NA,NA,NA,NA,NA
"chr21_45419178_45419427",NA,NA,1,NA,NA,1,0.818181818181818,1,1,0.823529411764706,0.928571428571429,NA,NA,NA,0.96551724137931,NA,NA,NA,NA,NA,NA,NA
"chr21_45427591_45427858",NA,NA,NA,NA,NA,NA,NA,1,NA,NA,NA,0.909090909090909,NA,NA,NA,NA,NA,NA,NA,NA,NA,0.8
"chr21_45430660_45430927",NA,NA,NA,0.571428571428571,1,0.733333333333333,NA,0.333333333333333,NA,1,0.444444444444444,1,NA,NA,NA,0.875,NA,NA,NA,1,NA,NA
"chr21_45439269_45440155",0,NA,NA,0.0588235294117647,0.302325581395349,1,0.0555555555555556,NA,NA,NA,NA,NA,NA,NA,NA,NA,NA,0.636363636363636,0,0,0,NA
"chr21_45456255_45456838",NA,NA,1,1,1,NA,NA,NA,NA,NA,NA,NA,NA,NA,0.785714285714286,NA,NA,NA,0.96551724137931,0.75,NA,NA
"chr21_45470935_45471201",NA,0.285714285714286,NA,0.888888888888889,1,NA,NA,NA,NA,NA,NA,1,0.9,NA,NA,NA,NA,0.888888888888889,NA,NA,NA,0.9
"chr21_45474903_45476398",0.886792452830189,0.96551724137931,1,1,NA,NA,NA,0.857142857142857,0.894736842105263,1,0.955223880597015,0.8,1,1,0.892857142857143,0.9,0.928571428571429,NA,1,0.823529411764706,0.88235294117647,NA
"chr21_45477928_45478244",NA,NA,NA,0,NA,NA,NA,0,NA,NA,NA,NA,NA,NA,NA,NA,NA,NA,NA,NA,0.333333333333333,NA
"chr21_45478652_45479079",NA,NA,NA,0.454545454545455,NA,NA,0.909090909090909,NA,NA,NA,NA,NA,1,NA,1,NA,0,NA,NA,NA,NA,0.666666666666667
"chr21_45492468_45492714",1,NA,NA,NA,NA,NA,NA,1,NA,1,NA,1,1,NA,NA,NA,NA,NA,NA,NA,NA,NA
"chr21_45498275_45498496",1,NA,NA,1,1,NA,NA,NA,NA,NA,NA,NA,NA,NA,NA,NA,NA,NA,NA,NA,NA,NA
"chr21_45509312_45510297",NA,NA,NA,NA,NA,1,NA,1,NA,NA,NA,NA,NA,0.818181818181818,NA,0.958333333333333,1,NA,NA,NA,NA,1
"chr21_45512168_45512473",NA,0.866666666666667,NA,0.88,1,NA,0.727272727272727,NA,NA,0.777777777777778,1,1,NA,NA,NA,1,NA,NA,NA,NA,NA,1
"chr21_45530673_45532372",0.96,1,0.966666666666667,1,1,0.727272727272727,0.983870967741935,0.958333333333333,1,1,NA,0.952380952380952,0.772727272727273,1,0.956521739130435,1,0.970588235294118,NA,0.8,1,0.93939393939394,NA
"chr21_45537402_45538002",NA,NA,NA,1,NA,NA,1,NA,NA,NA,NA,NA,NA,1,NA,NA,NA,NA,NA,NA,NA,NA
"chr21_45541755_45543164",NA,NA,NA,0,NA,0,NA,NA,NA,NA,NA,NA,NA,NA,NA,NA,0,NA,NA,NA,0,0
"chr21_45554873_45555134",NA,NA,0,NA,NA,NA,0,0,NA,NA,0,NA,NA,NA,NA,0,NA,NA,NA,0,NA,NA
"chr21_45555564_45556427",NA,NA,NA,NA,0.636363636363636,0,0.90625,NA,NA,0.5,NA,1,NA,NA,0,0.714285714285714,NA,NA,NA,0.7,0.130434782608696,NA
"chr21_45589865_45591249",0.333333333333333,NA,0.5,NA,0.217391304347826,0.21875,NA,0.2,0,0.125,0.166666666666667,0.75,NA,NA,0,NA,NA,NA,NA,NA,NA,NA
"chr21_45641860_45644394",NA,NA,NA,0,NA,NA,NA,NA,0.0434782608695652,NA,0.722222222222222,NA,NA,0.0277777777777778,0.769230769230769,NA,0,1,NA,0.909090909090909,0,0.923076923076923
"chr21_45745873_45747012",NA,1,0.95,0.923076923076923,0.933333333333333,NA,1,NA,1,NA,1,NA,NA,1,NA,1,NA,1,1,NA,0.933333333333333,1
"chr21_45867099_45867512",1,1,0.942857142857143,NA,1,NA,NA,NA,NA,NA,NA,NA,NA,0.940298507462687,1,NA,NA,1,1,NA,0.928571428571429,0.941176470588235
"chr21_45868542_45868808",NA,NA,NA,NA,0.866666666666667,NA,0.857142857142857,0.142857142857143,NA,NA,1,NA,NA,NA,NA,NA,0.785714285714286,NA,1,NA,NA,NA
"chr21_45898596_45898986",NA,1,NA,NA,NA,NA,NA,NA,NA,NA,0.529411764705882,NA,NA,NA,0.909090909090909,NA,NA,NA,NA,1,NA,NA
"chr21_45914034_45914535",NA,1,1,0.96551724137931,1,0.958333333333333,NA,NA,1,0.928571428571429,NA,NA,0.880952380952381,0.9,NA,NA,1,NA,0.90625,1,NA,0.818181818181818
"chr21_45923802_45925225",0.875,0.857142857142857,NA,NA,NA,1,NA,NA,NA,1,NA,NA,0.95,0.785714285714286,0.944444444444444,NA,1,1,1,1,1,NA
"chr21_45972582_45974622",NA,0,NA,0,NA,0,NA,NA,NA,NA,NA,NA,0.25,NA,NA,NA,NA,NA,NA,0.0967741935483871,0.0277777777777778,NA
"chr21_45981195_45981522",0,NA,0,0,NA,NA,NA,NA,0,NA,NA,NA,0,NA,NA,NA,0,NA,NA,NA,NA,NA
"chr21_45981782_45982396",0,NA,NA,NA,NA,NA,0,NA,NA,NA,NA,NA,NA,0,NA,NA,NA,NA,NA,NA,0,NA
"chr21_45984195_45984398",NA,1,NA,1,0.933333333333333,NA,1,NA,NA,NA,NA,NA,NA,NA,0.888888888888889,NA,NA,NA,NA,NA,NA,NA
"chr21_45986948_45988542",NA,NA,1,NA,NA,1,NA,NA,NA,NA,1,NA,1,0.785714285714286,NA,1,0.95,NA,0.625,1,NA,0.958333333333333
"chr21_46001222_46001484",NA,NA,1,NA,1,NA,NA,NA,NA,NA,NA,NA,NA,NA,NA,NA,NA,NA,NA,NA,NA,NA
"chr21_46001931_46003969",0.928571428571429,NA,1,0.896551724137931,1,NA,1,1,NA,1,1,1,0.941176470588235,1,1,0.928571428571429,0.9,NA,0.941176470588235,NA,1,0.84
"chr21_46006465_46006712",NA,NA,1,NA,NA,NA,1,NA,NA,NA,NA,NA,NA,NA,1,1,NA,NA,NA,1,NA,NA
"chr21_46033436_46033989",1,1,1,NA,NA,1,NA,1,NA,NA,NA,NA,NA,NA,NA,NA,NA,NA,1,NA,NA,NA
"chr21_46034287_46034596",NA,NA,NA,NA,NA,1,NA,NA,NA,1,NA,NA,NA,NA,NA,NA,NA,NA,NA,NA,NA,NA
"chr21_46036358_46036616",NA,NA,NA,1,NA,1,NA,NA,NA,NA,1,NA,NA,NA,NA,NA,NA,NA,NA,NA,1,NA
"chr21_46037246_46037825",1,0.923076923076923,1,1,NA,1,NA,NA,1,NA,NA,1,NA,NA,NA,NA,0.909090909090909,NA,1,NA,NA,NA
"chr21_46097738_46099085",NA,NA,NA,NA,NA,NA,0.037037037037037,NA,NA,NA,NA,0,NA,NA,NA,NA,NA,0,NA,NA,0,NA
"chr21_46111986_46112907",NA,1,0.954545454545455,NA,NA,0.904761904761905,NA,NA,NA,1,NA,NA,NA,NA,1,NA,NA,1,NA,1,NA,NA
"chr21_46125697_46126298",0.95,1,0.958333333333333,NA,1,1,NA,NA,0.826086956521739,NA,NA,0.7,NA,NA,0.916666666666667,NA,1,1,0.823529411764706,0.952380952380952,NA,0.868421052631579
"chr21_46129025_46129513",1,NA,NA,NA,NA,1,NA,NA,0.777777777777778,1,NA,NA,NA,NA,NA,1,NA,NA,NA,NA,1,NA
"chr21_46131924_46132715",NA,NA,NA,1,NA,0.851851851851852,1,NA,NA,NA,NA,0.977777777777778,1,1,NA,1,NA,NA,NA,NA,1,NA
"chr21_46228278_46229708",NA,0,NA,0,0,0,NA,0,NA,NA,NA,NA,NA,NA,NA,NA,NA,NA,0,0,0,0
"chr21_46285714_46286697",NA,NA,NA,NA,NA,NA,NA,NA,NA,NA,0.0666666666666667,0,NA,NA,0,NA,0,NA,NA,NA,NA,0
"chr21_46297314_46298145",NA,0,NA,0,NA,NA,NA,NA,NA,0,NA,0,NA,NA,0.0263157894736842,NA,NA,0,NA,NA,0,0.027027027027027
"chr21_46322866_46323355",NA,0,NA,0.04,NA,0.4,0,0,0,NA,0,NA,0,NA,0,0.0384615384615385,0.142857142857143,NA,0,0,0,0
"chr21_46323772_46325437",NA,0,NA,0,NA,NA,NA,NA,NA,NA,NA,NA,NA,NA,NA,0,1,NA,NA,0,0,0
"chr21_46382551_46384845",1,NA,NA,0.976744186046512,0.92,0.973684210526316,1,NA,1,NA,1,1,0.909090909090909,0.974358974358974,0.923076923076923,1,NA,1,1,1,0.894736842105263,0.923076923076923
"chr21_46388757_46389206",NA,NA,1,1,NA,1,NA,NA,NA,1,NA,0.444444444444444,0.947368421052632,NA,NA,NA,NA,0.923076923076923,NA,NA,NA,0.75
"chr21_46391216_46391436",NA,NA,NA,1,NA,0.823529411764706,NA,NA,NA,NA,NA,1,NA,NA,NA,NA,NA,NA,NA,NA,NA,NA
"chr21_46393337_46393547",1,1,NA,NA,NA,1,NA,NA,NA,NA,NA,NA,NA,NA,NA,NA,NA,NA,NA,1,NA,0.909090909090909
"chr21_46403169_46404186",NA,0.9375,1,1,0.962962962962963,NA,NA,0.916666666666667,0.91304347826087,NA,0.933333333333333,1,NA,NA,NA,0.833333333333333,NA,NA,NA,1,1,1
"chr21_46411620_46412017",NA,0.875,NA,1,NA,NA,NA,NA,NA,NA,1,NA,NA,1,NA,NA,NA,0.95,NA,NA,NA,1
"chr21_46425682_46425950",1,1,NA,1,NA,NA,1,1,1,1,NA,NA,0.625,NA,NA,1,NA,1,NA,NA,1,NA
"chr21_46431535_46431769",NA,NA,NA,NA,NA,1,NA,NA,1,NA,1,NA,0.923076923076923,NA,1,NA,1,NA,NA,NA,NA,1
"chr21_46435980_46436230",NA,NA,NA,NA,NA,NA,NA,NA,NA,1,1,NA,NA,NA,NA,1,0.9,1,NA,NA,NA,1
"chr21_46458158_46459663",NA,NA,NA,0,NA,NA,0,NA,NA,NA,NA,NA,NA,NA,NA,NA,NA,0.05,NA,NA,NA,NA
"chr21_46498585_46498815",NA,NA,1,NA,NA,NA,NA,NA,NA,1,NA,NA,1,0.928571428571429,NA,NA,NA,NA,NA,1,NA,NA
"chr21_46598630_46598878",NA,1,NA,NA,1,NA,1,NA,NA,NA,NA,NA,1,NA,NA,NA,NA,NA,NA,NA,1,NA
"chr21_46635288_46636148",0,0,NA,NA,NA,NA,NA,NA,NA,NA,NA,0,NA,NA,NA,0,NA,NA,NA,0,0,0
"chr21_46648606_46648896",NA,NA,NA,NA,1,0.933333333333333,NA,NA,NA,1,1,1,NA,NA,1,1,NA,NA,1,1,1,NA
"chr21_46661330_46662292",0.875,NA,1,1,1,NA,NA,NA,NA,1,NA,1,1,1,NA,NA,NA,NA,0.285714285714286,1,0.933333333333333,NA
"chr21_46667289_46668194",NA,NA,NA,NA,NA,0,NA,NA,NA,NA,NA,0,0.0555555555555556,0,NA,NA,NA,0,NA,0,NA,0
